Policy:,crop and rice measures,Unit: g CO2e,,,,,,,,,,,,,,,,,,,,,,,,,,,,,,,,,,,,,,,,,,,,,
Lower Bound,Upper Bound,2015,2016,2017,2018,2019,2020,2021,2022,2023,2024,2025,2026,2027,2028,2029,2030,2031,2032,2033,2034,2035,2036,2037,2038,2039,2040,2041,2042,2043,2044,2045,2046,2047,2048,2049,2050,2051,2052,2053,2054,2055,2056,2057,2058,2059,2060
-1150,-1100,0,0,0,0,0,0,0,0,0,0,0,0,0,0,0,0,0,0,0,0,0,0,0,0,0,0,0,0,0,0,0,76081659.11,147689201,215109435.9,278588915.9,338380876.6,407819462.7,473369277.7,538919092.7,604468907.6,670018722.6,735568537.6,801118352.6,866668167.6,932217982.6,997767797.6
-1100,-1050,0,0,0,0,0,0,0,0,0,0,0,0,0,0,0,0,0,0,0,0,0,0,0,0,0,0,0,0,0,0,0,0,0,0,0,0,0,0,0,0,0,0,0,0,0,0
-1050,-1000,0,0,0,0,0,0,0,0,0,0,0,0,0,0,0,0,0,0,0,0,0,0,0,0,0,0,90030340.37,174448567.7,253665329.2,328080399,397991482.2,308855942.2,224830898,145540612.3,70683791.52,0,0,0,0,0,0,0,0,0,0,0
-1000,-950,0,0,0,0,0,0,0,0,0,0,0,0,0,0,0,0,0,0,0,0,0,0,0,0,0,0,0,0,0,0,0,0,0,0,0,0,0,0,0,0,0,0,0,0,0,0
-950,-900,0,508.7132081,1017.426416,1526.139624,1880.532524,2081.80099,1526.211861,1088.430396,691.2216914,329.7252866,0,32324382.49,61841769.73,88836770.77,113558114.1,136183309.3,104727685.5,75577423.58,48512517.03,23378717.16,0,107869990.2,208368711.6,302023409.5,389462445,471167567.5,364930834.6,265167530.5,171368711,83115490.1,0,642438.7074,1247097.664,1816398.716,2352423.766,2857311.151,3443655.298,3997162.396,4550669.495,5104176.594,5657683.693,6211190.792,6764697.891,7318204.989,7871712.088,8425219.187
-900,-850,0,0,0,0,0,0,0,0,0,0,0,0,0,0,0,0,0,0,0,0,0,0,0,0,0,0,776300.5761,1504209.837,2187268.651,2828924.135,3431743.295,4989406.574,6454336.73,7832063.326,9127526.909,10346224.68,11866666.37,13248509.07,14630351.77,16012194.47,17394037.18,18775879.88,20157722.58,21539565.28,22921407.98,24303250.68
-850,-800,0,0,0,0,0,0,3778153.154,7185121.698,10266758.43,13059813.4,15586028.2,11914353.2,8547781.468,5457349.232,2616004.111,0,132957173.9,255865119,369534787,474887708.5,572626824.8,443062232.2,322087540.6,208965798.7,103188190.9,4141005.658,5880951.279,7511127.149,9039255.285,10473526.31,11819196.53,12513520.91,13163115.74,13769418.96,14334311.24,14861180.11,15537983.13,16145942.9,16753902.68,17361862.45,17969822.23,18577782,19185741.78,19793701.55,20401661.33,21009621.1
-800,-750,0,0,0,0,0,0,0,0,0,0,0,0,0,0,0,0,0,0,0,0,0,3109032.705,6005610.438,8704929.484,11225100.48,13580008.44,14371795.58,15109933.78,15797331.98,16439029.36,17036013.57,13220569.43,9623879.914,6229861.586,3025617.597,0,0,0,0,0,0,0,0,0,0,0
-750,-700,0,0,0,0,0,0,0,0,0,0,0,4467582.311,8547207.256,12278210.91,15694970.26,18822019.07,18136294.72,17492429.77,16882351.42,16310120.79,15770769.22,16673591.57,17507452.71,18273910.32,18984996.41,19643777.03,15214586.99,11055285.22,7144652.943,3465226.106,0,33880.49322,65768.5838,95791.99338,124060.5159,150686.9215,181609.1382,210799.617,239990.0959,269180.5748,298371.0536,327561.5325,356752.0114,385942.4902,415132.9691,444323.448
-700,-650,0,0,0,0,0,0,5612916.38,10674391.86,15252546.46,19401976.98,23154983.25,17700253.4,12698792.41,8107570.987,3886399.446,0,5362452.035,10319596.82,14904141.78,19153254.28,23095285.44,17831426.68,12916630.23,8320986.332,4023750.618,0,42011.59889,81404.37127,118369.9408,153094.8575,185718.0417,144123.9909,104914.6928,67914.81405,32983.75953,0,0,0,0,0,0,0,0,0,0,0
-650,-600,0,7144687.333,14289374.67,21434062,26411378.14,29238118.71,21435076.54,15286599.09,9707950.933,4630868.712,0,0,0,0,0,0,66066.51729,127139.5655,183622.1069,235972.0509,284538.6896,309535.0552,332692.1868,354080.7487,373968.5468,392449.7875,336059.9368,283061.1502,233175.9182,186197.8667,141893.4092,137912.9653,134119.7947,130484.7321,126990.4435,123636.6041,119737.6595,116089.4694,112441.2793,108793.0892,105144.8991,101496.709,97848.5189,94200.3288,90552.13871,86903.94861
-600,-550,34887566.86,27910053.49,20932540.12,13955026.74,6448348.806,0,59679954.14,113496651.9,162174387.1,206293665.9,246197920.1,195113838.9,148248794.2,105206148,65611780.26,29128563.83,22400447.52,16165430.39,10376454.76,5000528.028,0,0,0,0,0,0,0,0,0,0,0,1694992.806,3290308.547,4792336.954,6206570.86,7538652,9085646.444,10700051.19,12206623.27,13713195.34,15219767.41,16726339.49,18232911.56,19739483.63,21246055.71,22752627.78
-550,-500,0,0,0,0,0,0,0,0,0,0,0,236353860.8,452183148.1,649568905.4,830329819.9,995763830.7,765764952.2,552622533,354727916.1,170953263.3,11512.19508,3098359.705,5974262.958,8654307.718,11156480.34,13494566.04,12733207.85,12015044.28,11335904.47,10693921.36,10084957.06,16233749.6,22017624.92,27458756.13,32576753.98,37393003.08,43395178.24,48852617.51,54310056.78,59767496.05,65224935.31,70682374.58,76139813.85,81597253.12,87054692.39,92512131.66
-500,-450,0,0,0,0,0,0,9944198.36,18911429.07,27022377.9,34373771.96,41022835.69,36448737.1,32235684.6,28352259.73,24766425.08,21443631.22,20721484.63,20042561.76,19398025.79,18792913.03,18221875.15,26529100.55,34260257.25,41452650.33,48162496.34,54425779.41,52326264.93,50340422.92,48455861.3,46669362.33,44967448.62,49637025.14,54017166.34,58120987.96,61962216.96,65560491.54,70115350.59,74230910.93,78346471.26,82462031.59,86577591.93,90693152.26,94808712.59,98924272.93,103039833.3,107155393.6
-450,-400,0,0,0,0,0,0,342332984.3,651033468.8,930256108.6,1183330773,1412227437,1079542284,774502096.6,494482508.5,237032343,0,25275871.67,48641331.08,70250544.46,90278699.74,108859429.8,108366010.3,107856146.6,107307719.5,106764605.3,106217932.7,101101077,96269612.04,91694703.61,87365545.26,83252463.42,64606955.62,47030469.13,30444406.58,14785742.99,0,0,0,0,0,0,0,0,0,0,0
-400,-350,177755745.7,197945315.7,218134885.7,238324455.7,238908694.2,228107079.6,193501009.8,169222372.4,147127217.1,126938510.9,108375588,117874406.3,126452831.8,134217894.1,141251030.6,147579489.6,135563158.9,124376884.6,113916871.6,104168942.2,95059034.24,73393256.12,53164200.92,34248761.58,16561555.33,0,0,0,0,0,0,0,0,0,0,0,0,0,0,0,0,0,0,0,0,0
-350,-300,84592195.59,650632638.6,1216673082,1782713525,2170627849,2385635676,1752653312,1254309499,802141883.2,390616561.2,15238399.75,19411618.09,23209008.73,26670605.39,29829693.55,32705687.29,25252010.27,18344377.41,11930566.25,5974230.344,433628.2233,416571.6578,400480.8352,385193.8832,370797.6703,357189.4619,33689381.48,64943671.84,94272077.15,121822647,147705558.8,143096699,138710150.5,134513798.9,130488092.2,126631143.2,122118148.8,117906884.5,113695620.2,109484355.9,105273091.6,101061827.4,96850563.08,92639298.8,88428034.52,84216770.24
-300,-250,2954800767,2363840614,1772880460,1181920307,546142586.5,0,20931728.64,39807019.85,56879907.35,72353993.85,86349732.14,66007913.88,47356429.15,30234812.77,14493189.12,0,47645194.01,91689247.63,132422765.2,170175977.3,205200782.9,198217676.5,191617203.6,185328083.2,179397762.8,173782487.2,134896894.2,98380337.96,64046462.36,31742091.81,1317776.619,1281084.374,1246115.211,1212599.303,1180376.559,1149444.874,1113503.016,1079865.928,1046228.841,1012591.753,978954.665,945317.5772,911680.4894,878043.4017,844406.3139,810769.2261
-250,-200,684633047.8,560964278.1,437295508.5,313626738.8,175551830.3,54254899.99,49214534.7,46317068.87,43664199.56,41221070.13,38939285.4,95999533.24,148070440.4,195662815.3,239218722,279042555.4,214589299.8,154859780.7,99403199.93,47903498.69,0,0,0,0,0,0,0,0,0,0,0,0,0,0,0,0,0,0,0,0,0,0,0,0,0,0
-200,-150,221536017.4,246490715.4,271445413.3,296400111.3,296983723.4,283439652.8,444703665.8,598732294.9,737885104.7,863804741.1,977317908.2,790857918.7,619728312.4,462498320.8,317808442.2,184410054.7,144878674.7,108237498.1,74207293.61,42600422.55,13194722.86,12723701.1,12278786.44,11855287.89,11456128.25,11078395.77,10690609.26,10323494.18,9974708.584,9643773.22,9328075.607,9006725.721,8701196.509,8409345.669,8129840.294,7862460.386,7547882.375,7255008.569,6962134.762,6669260.956,6376387.149,6083513.343,5790639.536,5497765.73,5204891.923,4912018.117
-150,-100,1206641499,1338883134,1471124770,1603366405,1603982026,1528755787,1120994412,799721510,508222987.1,242931851.3,955256.2195,4955450.59,8607432.737,11946629.69,15003895.58,17800977.89,19847043.66,21729034.25,23455750.03,25049708.12,26520455.63,25688088,24900379.53,24148460.58,23438871.92,22766271.81,22120668.53,21508113.68,20924484.68,20369468.52,19838196.83,19288807.37,18765182.08,18263270.16,17780671.23,17317363.53,16779199.84,16275471.65,15771743.45,15268015.26,14764287.06,14260558.86,13756830.67,13253102.47,12749374.27,12245646.08
-100,-90,0,0,0,0,0,0,64361.31574,122399.4548,174895.5253,222475.5692,265509.9572,202962.5101,145612.5359,92966.63282,44563.96014,0,0,0,0,0,0,0,0,0,0,0,0,0,0,0,0,0,0,0,0,0,0,0,0,0,0,0,0,0,0,0
-90,-80,0,68781.47808,137562.9562,206344.4342,254260.7593,281473.6219,206354.2011,147163.1761,93457.8636,44581.0964,0,0,0,0,0,0,87642.32192,168660.4226,243588.8626,313035.094,377462.4795,364754.0924,352740.1972,341290.343,330492.6061,320267.1111,310261.9188,300779.1809,291756.6922,283185.9503,274995.4164,266537.7479,258486.74,250783.0664,243390.7244,236306.6097,228024.5064,220293.3984,212562.2905,204831.1826,197100.0746,189368.9667,181637.8588,173906.7509,166175.6429,158444.535
-80,-70,1396856814,1117485451,838114088.3,558742725.5,258184240.9,0,59035735.5,112271505.9,160423786.5,204066817.3,243540322.7,186168367.3,133563819.5,85274104.21,40876513.06,0,0,0,0,0,0,0,0,0,0,0,0,0,0,0,0,0,0,0,0,0,0,0,0,0,0,0,0,0,0,0
-70,-60,0,74663915.56,149327831.1,223991746.7,276006046.9,305546250.6,229181820.9,169599183,115525417.8,66297535.5,21366893.75,68596337.29,111705620.5,151115200.5,187190142.3,220184894.6,170127708.6,123737343.4,80662973.16,40660756.87,3450329.697,3333961.279,3223954.976,3119117.362,3020252.35,2926628.902,2835101.557,2748354.618,2665819.198,2587417.161,2512494.452,31466992.75,58717941.55,84374241.89,108529645.9,131280756.5,159548902.5,185282776,211016649.4,236750522.8,262484396.3,288218269.7,313952143.1,339686016.6,365419890,391153763.4
-60,-50,0,11237393.56,22474787.12,33712180.69,41540663.27,45986651.57,35046125.62,26577055.55,18889504.43,11889065.21,5496344.903,4315701.568,3232738.384,2238246.524,1323564.495,480945.2309,50649146.13,97025256.85,139915171.1,179666831.5,216545442,209926300.7,203659694,197674065.7,192023856,186666240.1,181367754.4,176340554.2,171550814.6,166995946.6,162636016.9,129106715.7,97495519.07,67659799.04,39485816.88,12876784.27,0,0,0,0,0,0,0,0,0,0
-50,-40,1916466517,1858277388,1800088260,1741899131,1556019861,1330419935,975358688.7,695584978.1,441740167.1,210718073.6,0,1084804.61,2075406.605,2981357.448,3811004.456,4570304.842,3514655.729,2536374.44,1628077.571,784588.5431,0,587137844.3,1134153771,1643917584,2119849460,2564571568,2488390722,2416148082,2347363490,2281986344,2219456806,2174800744,2132038671,2090780754,2050812916,2012188668,1968390217,1926974157,1885558097,1844142037,1802725977,1761309917,1719893857,1678477797,1637061737,1595645678
-40,-30,6838038348,6626976633,6415914918,6204853203,5539230973,4732919207,3740291927,2988922971,2306503581,1684614682,1115852651,1876722705,2570536471,3204234118,3783756293,4313024798,4248276704,4186137982,4125322249,4067400418,4011722363,3290601262,2616909213,1986395256,1396581611,844002017.9,817315834.6,792026391,767968300.4,745117737.8,723285120.4,782518865.3,838030688,889971706.4,938511269.9,983912413.3,1041677147,1093764424,1145851701,1197938978,1250026255,1302113532,1354200809,1406288086,1458375363,1510462640
-30,-20,225195811.6,913614233.7,1602032656,2290451078,2752956327,3001519719,3883485635,4769958284,5570006654,6292993593,6942921710,5812483816,4774091181,3819289296,2939914388,2128162541,2203228839,2271494234,2332976711,2389193122,2440388464,2331678786,2229273241,2132198674,2040869883,1954651893,1872980270,1795781903,1722583145,1653240595,1587249494,1424146636,1270111775,1124371654,986348110.1,855642827.6,696261513.2,550056683.8,403851854.4,257647024.9,111442195.5,0,0,0,0,0
-20,-10,860878281.8,819048906.7,777219531.6,735390156.5,640962130.5,533414531.2,501276626.2,488495786.1,476619963,465475875.7,454687948,702500266,928392177.1,1134643766,1323196906,1495307932,1268153136,1057375247,861279703.6,678992304.4,509205373.2,485060807.7,462331516.4,440807299.8,420566195.3,401469183.5,383055749.5,365663238.7,349186893,333589982.4,318763414.6,304294970.7,290572224.9,277508823.7,265047918,253170383.1,239015984.2,225908278,212800571.8,199692865.6,186585159.4,173477453.2,160369747,147262040.8,134154334.7,121046628.5
-10,0,11095238314,10319086727,9542935141,8766783555,7384633947,5904746393,5092694474,4539748376,4036111481,3575427239,3150912361,2624119169,2140294337,1695479744,1285864496,907831340.6,862778895.7,820650780.5,780984564.6,743893103.1,709073416.5,675364707.4,643632737.9,613584377.1,585327785,558668986.7,535563880.4,513722470.1,493010465.2,473387935.9,454711400.8,434002829.8,414362076,395665695.3,377832368,360834581.3,340575638.8,321815871.3,303056103.7,284296336.2,265536568.7,246776801.1,228017033.6,209257266.1,190497498.5,171737731
0,0,99291367.73,105729568.8,112167769.9,118605971,115561002.2,107612749.3,105809378.8,107451354.8,108872903.1,110084590,111037578.2,101472347.4,92639867.45,84479887.81,76927357.44,69904222.36,66435084.95,63191127.78,60136742.85,57280619.89,54599428.87,52003959.14,49560691.11,47247054.05,45071377.2,43018724.91,38442367.28,34137683.56,30081574.41,26258544.29,22648295.23,21616868.65,20638626.37,19707419.99,18819199.22,17972593.78,16963561.68,16029198.2,15094834.72,14160471.24,13226107.75,12291744.27,11357380.79,10423017.31,9488653.824,8554290.341
0.1,10,16979770002,15443552022,13907334043,12371116063,10013195016,7610575523,5948820532,4681456069,3530611983,2482112221,1523674183,1235261605,970551198.4,727332463.9,503503474.7,297130133.4,282384709,268596401.1,255613858.3,243474018.5,232077717.8,221044930.3,210659125.7,200824362.8,191576042.1,182850675.9,174438349.5,166492618.2,158965651.8,151840606.5,145067710.4,138461142.2,132195234.2,126230604.3,120541309.3,115118572.2,108655446.8,102670594.8,96685742.81,90700890.81,84716038.82,78731186.83,72746334.83,66761482.84,60776630.85,54791778.85
10,20,1170306671,1677330834,2184354997,2691379160,2955841021,3032735336,3568591707,4143906351,4662490770,5130349362,5549481873,5223302204,4920555652,4639568225,4378257419,4133556245,3928487209,3736728402,3556174672,3387340321,3228846157,3075497964,2931140949,2794441032,2665891595,2544610015,2427677292,2317229385,2212601291,2113559212,2019410954,1927570463,1840464709,1757545951,1678453455,1603065461,1513218774,1430018853,1346818931,1263619010,1180419089,1097219167,1014019246,930819324.7,847619403.4,764419482
20,30,8532184037,7613808235,6695432433,5777056630,4490205471,3224972647,2649371904,2228262728,1845458275,1496202021,1176029068,1107983853,1044810919,986165010.4,931613100.9,880511162.5,836814769.7,795954683.3,757482390.8,721507352.8,687735708.9,655041133.3,624263829,595119485.1,567713005.1,541856250.4,516927591.4,493381615.1,471076583,449962582,429892119.5,410313868.1,391745150.2,374069259.4,357209314.7,341139305,321986140.5,304250322.6,286514504.8,268778687,251042869.2,233307051.4,215571233.6,197835415.7,180099597.9,162363780.1
30,40,2736277436,2189021948,1641766461,1094510974,505752419.1,0,254260319.6,483540837.1,690927331.8,878892991.3,1048900971,970896598.2,898741405.4,831975003.8,770077945.1,712380735.7,677027884,643969765.9,612843509.9,583737674.7,556414510.6,529963039.1,505062729.9,481483561.3,459310406.8,438391053,339544620.4,246721296,159447540.2,77333606.42,0,0,0,0,0,0,0,0,0,0,0,0,0,0,0,0
40,50,0,822904111.2,1645808222,2468712334,3041984994,3367560673,2822997401,2434206785,2080550471,1757611080,1461051362,1380348574,1305365988,1235708426,1170867416,1110063896,1054975630,1003463110,954960895.2,909606982,867030899.4,825812943.5,787012083.8,750269889.6,715718614.5,683121072.3,730370967,774459586.8,815567106.4,853979963,889772376.6,752551773.8,623107180,500832511.1,385255278.6,275999788.5,141950441.9,19292524.93,0,0,0,0,0,0,0,0
50,60,0,0,0,0,0,0,184980139.7,351786907.9,502665278.6,639414552,763099206.5,583332286.7,418503365.4,267194362.5,128080780.8,0,0,0,0,0,0,0,0,0,0,0,0,0,0,0,0,96698385.2,187710249.9,273400124.8,354081372.8,430075851.8,518331013.7,601643619.3,684956225,768268830.6,851581436.2,934894041.8,1018206647,1101519253,1184831859,1268144464
60,70,4004878471,3380891721,2756904970,2132918219,1394496279,724289741,530991962.5,378681234.8,240486378,114716365.1,0,114216069.1,218513806,313898857.9,401250090.6,481194722.5,457314711,434984738.3,413959693.7,394299395.7,375843250.3,357976049.2,341156612.5,325229567,310252242.9,296121824.5,229353614.3,166653858.1,107702691.9,52236852.17,0,0,0,0,0,0,0,0,0,0,0,0,0,0,0,0
70,80,4616652085,5130268467,5643884848,6157501230,6165189659,5880400236,5475435879,5288843644,5116591835,4956277283,4803468005,4549724828,4313782103,4094442588,3890123706,3698327758,3286462705,2903768556,2546968793,2214940604,1905242531,1722454133,1551278610,1390477609,1239804583,1098326498,1026400377,958610678.2,894572509.1,834089687.2,776792497.4,679765210.8,588187560.3,501616256.2,419712592.2,342224366.3,247426099,160581247.1,73736395.21,0,0,0,0,0,0,0
80,90,0,288072488.2,576144976.4,864217464.5,1064901942,1178875605,1075349454,1017796409,965042000.3,916387143.1,870814772.6,826192594.4,784677722.1,746065247.2,710078875,676273370.7,871043324.2,1050733891,1216393261,1369688073,1511599808,1531954292,1550221322,1566226727,1580738248,1593754202,1520282767,1450887492,1385150804,1322925232,1263776466,1267871613,1271309079,1273978185,1275852705,1277061373,1280945262,1283603460,1286261657,1288919855,1291578052,1294236250,1296894447,1299552645,1302210843,1304869040
90,100,3092146915,2473717532,1855288149,1236858766,571528589.1,0,0,0,0,0,0,0,0,0,0,0,0,0,0,0,0,6743477.226,13026140.62,18880950.86,24347189.83,29454974.04,103227808.4,172392644.5,237284451.6,298234117.6,355482051.9,339669859.5,324670275,310388215.1,296761328.4,283769362,268299738.4,253969135.4,239638532.5,225307929.6,210977326.6,196646723.7,182316120.8,167985517.8,153654914.9,139324312
100,150,1293779682,1556194163,1818608644,2081023125,2165714672,2132779479,1932297613,1816284109,1710087560,1612314946,1521050350,1438473601,1361726896,1290411510,1224009173,1161716739,1105859966,1053609666,1004385034,958342929.5,915105130.6,865455344.3,818776689,774660817.6,733211512.7,694150987.1,662316747.9,632247520.1,603762188.4,576797259.2,551164119.1,525162769.3,500508673,477048808.1,454681688.3,433370969.2,407935952.1,384396841.9,360857731.7,337318621.5,313779511.2,290240401,266701290.8,243162180.6,219623070.4,196083960.2
150,200,6048098904,4838479123,3628859342,2419239562,1117883959,0,0,0,0,0,0,0,0,0,0,0,0,0,0,0,0,0,0,0,0,0,0,0,0,0,0,992887.6693,1927386.814,2807240.391,3635665.976,4415968.366,5322162.01,6177606.066,7033050.121,7888494.177,8743938.232,9599382.288,10454826.34,11310270.4,12165714.45,13021158.51
200,250,1445453944,2413841525,3382229106,4350616686,4915618644,5145963725,3772613669,2690470108,1708617570,815041577.9,0,0,0,0,0,0,0,0,0,0,0,0,0,0,0,0,0,0,0,0,0,0,0,0,0,0,0,0,0,0,0,0,0,0,0,0
250,300,982200496.8,785760397.4,589320298.1,392880198.7,181542365.1,0,912144994.3,1734676315,2478664025,3152980551,3762874882,3521724070,3298197477,3090984102,2898518130,2718610232,2090665581,1508742577,968449260.3,466706382.8,0,0,0,0,0,0,0,0,0,0,0,0,0,0,0,0,0,0,0,0,0,0,0,0,0,0
300,350,0,85882491.51,171764983,257647474.5,317477148.1,351455895.1,404788859.1,463555761.4,516503177.3,564241673.4,606952550.8,579842950.8,554552484.1,530973477.5,508944071.1,488175860,956979730.2,1390091688,1790270227,2160993245,2504704456,2385632743,2273543612,2167401620,2067588823,1973420031,1828714742,1692406031,1563731770,1442270766,1327307572,1266859066,1209527527,1154952622,1102896977,1053280283,994144246.1,939384314.2,884624382.3,829864450.3,775104518.4,720344586.5,665584654.6,610824722.7,556064790.8,501304858.9
350,400,815897378.6,893510981.6,971124584.6,1048738188,1040930893,985394642.5,832621056.3,724782918,626659557.3,537022324.5,454639905.9,430463354.8,407985497.1,387091605.3,367630658.8,349365374.6,332027656.3,315815319.3,300550404.6,286276343.1,272876537.7,237569389.4,204549206.5,173594013.9,144615331,117438761.8,165951693,211403412.9,254009123.4,293997416.4,331514609.7,316416684,302097268.3,288466363.4,275464682,263072165.3,248302048.8,234624930.7,220947812.7,207270694.6,193593576.5,179916458.4,166239340.3,152562222.3,138885104.2,125207986.1
400,450,9182404.369,7345923.496,5509442.622,3672961.748,1697204.809,0,352170.2351,669741.5097,956987.867,1217334.863,1452809.082,1408816.503,1367363.538,1328376.455,1291628.624,1256544.473,966307.8032,697342.3864,447618.2541,215712.1749,0,22334751.84,43143264.01,62534703.96,80639175.43,97556425.84,93068248.87,88829011.2,84813194.13,81011811.28,77398307.92,73873363.87,70530180.48,67347745.65,64312217.41,61418912.55,57970502.87,54777278.55,51584054.24,48390829.92,45197605.6,42004381.29,38811156.97,35617932.65,32424708.33,29231484.02
450,500,463112281.4,372568088.8,282023896.1,191479703.5,93280707.08,8504853.509,6235086.043,4446602.3,2823871.856,1347038.105,0,0,0,0,0,0,240731.2911,463267.522,669076.9953,859828.2281,1036793.961,1002293.2,969672.291,938574.9029,909245.3241,881465.9694,854264.2428,828479.5514,803942.2189,780630.3332,758348.1087,735303.339,713363.6157,692366.387,672213.2725,652896.6389,630329.4159,609257.2794,588185.1429,567113.0064,546040.8699,524968.7334,503896.5969,482824.4604,461752.3239,440680.1874
500,550,176334232.6,141451965.4,106569698.1,71687430.9,34013913.05,1573809.218,2834799.506,4019700.042,5090523.642,6059947.013,6934664.129,6764672.394,6603329.662,6450636.155,6305817.872,6166347.093,6412480.241,6636743.958,6839364.972,7024936.788,7194320.638,6964819.35,6747685.877,6540496.014,6345002.551,6159739.876,5981334.023,5812102.323,5650912.35,5497662.852,5351024.295,5203565.779,5063013.78,4928278.415,4798714.588,4674318.862,4529871.009,4394647.692,4259424.375,4124201.058,3988977.74,3853754.423,3718531.106,3583307.788,3448084.471,3312861.154
550,600,209626496,168519174,127411852.1,86304530.08,41769516.94,3347398.448,3079705.611,2939971.974,2811602.084,2692866.409,2581028.171,2484545.543,2394166.169,2309597.7,2230296.493,2155139.358,1657345.222,1196034.088,767724.2926,369974.8064,0,0,0,0,0,0,0,0,0,0,0,0,0,0,0,0,0,0,0,0,0,0,0,0,0,0
600,650,0,105462759.8,210925519.6,316388279.3,389858463.8,431583993.2,316403254.9,225645553.5,143299104.5,68356272.53,0,106315.3196,203398.3949,292185.3088,373494.1325,447908.6974,429142.234,411556.9452,394945.7897,379388.441,364753.7158,352480.3985,340877.6991,329819.5935,319391.2349,309515.469,299852.2443,290693.5554,281979.3133,273701.3279,265790.4822,257620.8747,249844.0241,242402.6086,235261.8468,228418.7547,220418.7182,212950.8,205482.8819,198014.9637,190547.0455,183079.1273,175611.2091,168143.291,160675.3728,153207.4546
650,700,423765819.6,339012655.7,254259491.8,169506327.8,78325606.02,0,50168617.53,95408419.84,136328268.3,173416152.4,206960770.4,195834159.7,185491332.7,175878997.8,166927476.9,158528089.6,150660965.8,143304492.1,136377918,129900950.8,123820683.9,95599573.9,69249890.56,44611278.83,21572522.01,0,0,0,0,0,0,0,0,0,0,0,0,0,0,0,0,0,0,0,0,0
700,750,185099661.4,148079729.1,111059796.9,74039864.57,34212393.93,0,0,0,0,0,0,20794394.15,39783037.93,57149021.39,73052352.48,87607223.78,84898689.31,82348470.23,79921938.67,77641346.03,75486120.13,95768273.8,114629668,132155771.7,148497150.1,163739760.2,144328864.2,126076208.5,108884784.6,92686766.54,77398307.92,73873363.87,70530180.48,67347745.65,64312217.41,61418912.55,57970502.87,54777278.55,51584054.24,48390829.92,45197605.6,42004381.29,38811156.97,35617932.65,32424708.33,29231484.02
750,800,47271689.64,47542300.42,47812911.2,48083521.98,44687024.97,39797291.54,53089288.66,66284048.28,78195305.25,88962745.45,98648635.27,75409505.74,54101466.11,34541195.94,16557472.64,0,0,0,0,0,0,0,0,0,0,0,13357556.6,25882459.27,37635634.59,48676396,59048913.16,57748304.5,56504703.09,55307313.2,54150074.57,53034036.36,51758911.11,50557012.15,49355113.19,48153214.23,46951315.26,45749416.3,44547517.34,43345618.38,42143719.41,40941820.45
800,850,0,0,0,0,0,0,7559064.23,14375488.29,20541011.23,26129160.01,31183433.66,29958656.41,28812749.06,27741659.19,26738363.9,25788968.55,19832232.03,14312060.78,9186792.289,4427216.556,0,0,0,0,0,0,0,0,0,0,0,0,0,0,0,0,0,0,0,0,0,0,0,0,0,0
850,900,148920785.6,119136628.5,89352471.38,59568314.26,27525369.54,0,0,0,0,0,0,0,0,0,0,0,4881145.028,9393361.165,13566420.19,17434153.49,21022367.56,16230966.57,11757297.79,7574136.01,3662598.788,0,0,0,0,0,0,0,0,0,0,0,0,0,0,0,0,0,0,0,0,0
900,950,316187359.7,281765184.8,247343009.8,212920834.9,164961578.6,117920496,86449982.71,61652507.97,39153216.41,18676794.52,0,0,0,0,0,0,0,0,0,0,0,4144326.817,8005452.098,11603632.42,14963009.2,18102091.06,17584464.96,17093383.94,16625550.47,16180696.61,15754937.21,12226407.33,8900182.139,5761387.643,2798096.811,0,0,0,0,0,0,0,0,0,0,0
950,1000,0,26620072.52,53240145.05,79860217.57,98404978.24,108937005.1,100110496.3,95459539.51,91188284.85,87239330.43,83522950.69,79688863.85,76114098.55,72782926.33,69672276.97,66741894.46,51325850.21,37039637.63,23775434.07,11457643.97,0,0,0,0,0,0,0,0,0,0,0,3100878.766,6019404.843,8767267.828,11354516.5,13791472.05,16621597.46,19293227.29,21964857.11,24636486.93,27308116.75,29979746.58,32651376.4,35323006.22,37994636.04,40666265.87
1000,1050,0,59581665.68,119163331.4,178744997.1,220252311.9,243825339.4,178753457.6,127479481.5,80957480.7,38618186.99,0,0,0,0,0,0,12476403.25,24009809.39,34676316.31,44562398.37,53734018.02,41487004.14,30052126.59,19359796.64,9361749.988,0,0,0,0,0,0,0,0,0,0,0,0,0,0,0,0,0,0,0,0,0
1050,1100,0,0,0,0,0,0,0,0,0,0,0,0,0,0,0,0,0,0,0,0,0,10051331.2,19415807.2,28142556.74,36290130.54,43903418.03,42209810.89,40607899.48,39087687.52,37646579.39,36273703.32,28149720.08,20491517.18,13264849.19,6442255.673,0,0,0,0,0,0,0,0,0,0,0
1100,1150,0,0,0,0,0,0,0,0,0,0,0,0,0,0,0,0,12112773.28,23310033.51,33665660.64,43263608.73,52167917.71,50580557.69,49077630.87,47641934.15,46286624.93,45001418.73,43726855.36,42517519.25,41365268.66,40269491.86,39220570.92,37217303.2,35318904.23,33513908.2,31794597.48,30157876.49,28198534.89,26387489.6,24576444.3,22765399.01,20954353.71,19143308.42,17332263.12,15521217.83,13710172.53,11899127.24
1150,1200,0,0,0,0,0,0,0,0,0,0,0,0,0,0,0,0,0,0,0,0,0,0,0,0,0,0,0,0,0,0,0,7699153.786,14945545.14,21768198.11,28192062.74,34242765.44,41269667.31,47903041.4,54536415.49,61169789.58,67803163.67,74436537.76,81069911.85,87703285.94,94336660.03,100970034.1
1200,1250,0,0,0,0,0,0,52911334.12,100624394.9,143781330,182896807.5,218275308.6,168002558.6,121903003.8,79581122.24,40666886.45,4834043.932,3717476.358,2682741.282,1722029.225,829864.8814,0,0,0,0,0,0,0,0,0,0,0,539425.6125,1047129.343,1525144.701,1975219.762,2399149.989,2891475.633,3356229.55,3820983.467,4285737.384,4750491.302,5215245.219,5679999.136,6144753.053,6609506.97,7074260.887
1250,1300,0,1923048.964,3846097.928,5769146.892,7108830.8,7869670.326,7203683.866,6842127.317,6510442.231,6204206.061,5916773.814,18300838.11,29604275.46,39937402.04,49395965.97,58046614.22,44639005.99,32214032.49,20677918.43,9964917.015,0,744453.1778,1438034.334,2084382.196,2687833.329,3251712.476,3150080.498,3053756.058,2962107.359,2875047.861,2791851.066,2166578.507,1577155.317,1020945.753,495836.2868,0,0,0,0,0,0,0,0,0,0,0
1300,1350,0,0,0,0,0,0,0,0,0,0,0,0,0,0,0,0,890023.293,1712776.447,2473688.019,3178926.792,3833198.296,2959538.844,2143814.378,1381060.681,667834.7428,0,0,0,0,0,0,0,0,0,0,0,0,0,0,0,0,0,0,0,0,0
1350,1400,282600479.8,226080383.8,169560287.9,113040191.9,52233693.28,0,0,0,0,0,0,0,0,0,0,0,0,0,0,0,0,0,0,0,0,0,0,0,0,0,0,0,0,0,0,0,0,0,0,0,0,0,0,0,0,0
1400,1450,0,0,0,0,0,0,16215465.13,30837842.09,44063926.59,56051446.32,66893714.06,83491940.49,98589838.99,112347993.4,124899274.7,136319454,104832383.5,75652979.58,48561015.79,23402089.25,0,0,0,0,0,0,0,0,0,0,0,0,0,0,0,0,0,0,0,0,0,0,0,0,0,0
1450,1500,0,0,0,0,0,0,0,0,0,0,0,0,0,0,0,0,18224571.54,35071685.34,50652499.33,65093328.65,78490526.15,60601028.99,43897838.18,28279303.88,13674925.3,0,0,0,0,0,0,0,0,0,0,0,0,0,0,0,0,0,0,0,0,0
1500,1550,0,21712808.39,43425616.78,65138425.17,80264561.08,88855066.65,65141508.36,46456196.26,29502603.63,14073277.15,0,0,0,0,0,0,7923443.232,15248013.23,22022037.79,28300434.57,34125094.63,46514239.1,58041049.85,68759904.39,78757626.95,88087457.53,83937453.21,80018300.79,76306513.94,72793545.75,69455096.71,53899694.57,39236145.66,25398878.5,12335313.18,0,0,0,0,0,0,0,0,0,0,0
1550,1600,46680154.03,125902290.8,205124427.6,284346564.3,335996174.4,362405532.3,322813407.7,298117183.5,275564901.6,254866107,235663444.8,226555959,218031618.3,210061105.5,202592489.1,195521578.7,183517534.6,172317225,161807020.8,151995279.4,142804582.1,137456340.8,132407766.7,127606865.7,123083812.1,118805973.9,114727262.7,110865250,107195185.5,103712284.5,100388794.9,109419318.1,117885672,125811881.3,133224073.1,140161448.6,148968905.6,156917584,164866262.3,172814940.7,180763619,188712297.4,196660975.8,204609654.1,212558332.5,220507010.8
